{
    "total_runtime": 0.2776980400085449,
    "num_documents": 2,
    "input_load_time": 0,
    "workflows": {
        "create_base_text_units": {
            "overall": 0.22278404235839844,
            "0_create_base_text_units": 0.22193312644958496
        }
    }
}